﻿<document>
	<accountNumber>3500129718</accountNumber>
	<amountPayable>21269.00</amountPayable>
	<totalChargeExclVat>18494.23</totalChargeExclVat>
	<totalVAT>2774.12</totalVAT>
	<totalChargeInclVat>21268.35</totalChargeInclVat>
	<amountAdvance>0.00</amountAdvance>
	<dueDate>01-02-2021</dueDate>
	<table>Date;Icon;Details;Charge (excl. VAT);VAT;Charge (incl. VAT)
20-01-2021;BALANCEBROUGHTFORWARD;23627.14;23627.14
20-01-2021;PAYMENT- THANKYOU;-23627.14;-23627.14
ELECTRICITYSERVICE
20-01-2021;FIXED CHARGE;2044.94;306.74;2351.68
20-01-2021;METER-NOS035681749 TARIFF: ELE-230/400V-STD
20-01-2021;Curr =500367.513 Prev=495720.861 Cons =4646.6
20-01-2021;Reading dates: Curr 21/01/01 Prev20/12/01
20-01-2021;4646.652 kWh;6231.16;934.67;7165.83
20-01-2021;METER-NOP035681749 TARIFF: ELE-230/400V-
PEAK
20-01-2021;Curr =174934.048 Prev=173036.593 Cons =1897.4
30 Days;60 Days;90 Days;90 +Days;Total Charge;Total VAT;Total Charge
(excl.VAT);(incl.VAT)
0.00;0.00;0.00;0.00;18494.23;2774.12;21268.35
Amount InAdvance;0.00;Due Date;01-02-2021;Amount Payable;21269.00
MESSAGE
20-01-2021;Reading dates: Curr 21/01/01 Prev20/12/01
20-01-2021;1897.455 kWh;3875.74;581.36;4457.10
20-01-2021;METER-NOO035681749 TARIFF: ELE-230/400V-OFF-
PEA
20-01-2021;Curr =200466.124 Prev=198534.949 Cons =1931.1
20-01-2021;Reading dates: Curr 21/01/01 Prev20/12/01
20-01-2021;1931.175 kWh;1943.73;291.56;2235.29
20-01-2021;METER-NOD035681749 TARIFF: ELE-230/400V-
PEAK
20-01-2021;Demand =26.022
20-01-2021;Reading dates: Curr 21/01/01 Prev20/12/01
20-01-2021;26.022 kVa;2273.80;341.07;2614.87
30 Days;60 Days;90 Days;90 +Days;Total Charge;Total VAT;Total Charge
(excl.VAT);(incl.VAT)
0.00;0.00;0.00;0.00;18494.23;2774.12;21268.35
Amount InAdvance;0.00;Due Date;01-02-2021;Amount Payable;21269.00
MESSAGE
www.ekurhuleni.gov.za
20-01-2021;NETWORKACCESSCHARGE;1598.23;239.73;1837.96
WATERSERVICE
20-01-2021;METER-NO150134466 TARIFF: WATER-BUSINESS
20-01-2021;Curr =1602 Prev=1589 Cons =13
20-01-2021;Reading dates: Curr 21/01/07 Prev20/12/09
20-01-2021;WATER 13 kl;379.21;56.88;436.09
SEWERAGE
20-01-2021;SEWER-BUSINESS13 kl;147.42;22.11;169.53
20-01-2021;TOTAL CURRENTLEVY21268.35
30 Days;60 Days;90 Days;90 +Days;Total Charge;Total VAT;Total Charge
(excl.VAT);(incl.VAT)
0.00;0.00;0.00;0.00;18494.23;2774.12;21268.35
Amount InAdvance;0.00;Due Date;01-02-2021;Amount Payable;21269.00
MESSAGE
www.ekurhuleni.gov.za
REMITTANCE
www.siyakhokha.ekurhuleni.gov.za;ADVICE</table>
</document>