﻿<document>
	<accountNumber>2203413648</accountNumber>
	<amountPayable>38912.00</amountPayable>
	<totalChargeExclVat>35395.42</totalChargeExclVat>
	<totalVAT>3515.92</totalVAT>
	<totalChargeInclVat>38911.34</totalChargeInclVat>
	<amountAdvance>0.00</amountAdvance>
	<dueDate>25-01-2021</dueDate>
	<table>Date;Icon;Details;Charge (excl. VAT);VAT;Charge (incl. VAT)
29-12-2020;BALANCEBROUGHTFORWARD;46535.39;46535.39
29-12-2020;PAYMENT- THANKYOU;-46535.39;-46535.39
PROPERTYRATES
29-12-2020;PROPERTYRATESBUSINESS&amp;COMMERCIAL;11955.98;11955.98
ELECTRICITYSERVICE
29-12-2020;CAPACITYCH: S035682884;6597.00;989.55;7586.55
29-12-2020;FIXED CHARGE;46.61;6.99;53.60
29-12-2020;METER-NOS035682884 TARIFF: ELB-BUS/MIXED
230/40
29-12-2020;Curr =857556.568 Prev=850337.188 Cons =7219.3
29-12-2020;Reading dates: Curr 20/12/01 Prev20/11/01
30 Days;60 Days;90 Days;90 +Days;Total Charge;Total VAT;Total Charge
(excl.VAT);(incl.VAT)
0.00;0.00;0.00;0.00;35395.42;3515.92;38911.34
Amount InAdvance;0.00;Due Date;25-01-2021;Amount Payable;38912.00
MESSAGE
29-12-2020;7219.380 kWh;12677.95;1901.69;14579.64
REFUSEREMOVAL
29-12-2020;REFUSE: BUSINESS240L X1 PER WEEK;431.47;64.72;496.19
WATERSERVICE
29-12-2020;METER-NO100004303 TARIFF: WATER-BUSINESS
29-12-2020;Curr =5820 Prev=5815 Cons =5
29-12-2020;Reading dates: Curr 20/12/03 Prev20/11/05
29-12-2020;WATER 5 kl;145.85;21.88;167.73
29-12-2020;METER-NO69362110 TARIFF: WATER-BUSINESS
29-12-2020;Curr =17215 Prev=17129 Cons =86
30 Days;60 Days;90 Days;90 +Days;Total Charge;Total VAT;Total Charge
(excl.VAT);(incl.VAT)
0.00;0.00;0.00;0.00;35395.42;3515.92;38911.34
Amount InAdvance;0.00;Due Date;25-01-2021;Amount Payable;38912.00
MESSAGE
www.ekurhuleni.gov.za
29-12-2020;Reading dates: Curr 20/12/03 Prev20/11/05
29-12-2020;WATER 86 kl;2508.62;376.29;2884.91
SEWERAGE
29-12-2020;SEWER-BUSINESS86 kl;975.24;146.29;1121.53
29-12-2020;SEWER-BUSINESS5 kl;56.70;8.51;65.21
29-12-2020;TOTAL CURRENTLEVY38911.34
30 Days;60 Days;90 Days;90 +Days;Total Charge;Total VAT;Total Charge
(excl.VAT);(incl.VAT)
0.00;0.00;0.00;0.00;35395.42;3515.92;38911.34
Amount InAdvance;0.00;Due Date;25-01-2021;Amount Payable;38912.00
MESSAGE
www.ekurhuleni.gov.za
REMITTANCE
www.siyakhokha.ekurhuleni.gov.za;ADVICE
Phone: 0860 543 000
Siyakhokha Portal;Email:
VATRegNo.
siyakhokha@ekurhuleni.gov.za;callcentre@ekurhuleni.gov.za
4280193493
Twitter: @EMM_Call_Centre
a partnership that works
Name</table>
</document>